observational_uncertainty,model_uncertainty,intrinsic_scatter,total_predictive_uncertainty,pred_median,pred_mean_only,true_age,theoretical_total,residual,normalized_residual
0.0718113,0.08515005,0.07842276,0.14200537,0.62904274,0.6303082,0.7532919,0.136226,0.12424916,0.874961
0.098986134,0.08491999,0.07842276,0.15384978,0.5239729,0.52604246,0.57613397,0.1521834,0.052161038,0.33903876
0.10708218,0.08525109,0.07842276,0.16422106,0.70502186,0.70712894,0.4814713,0.15774813,-0.22355056,-1.3612782
0.20617771,0.08488358,0.07842276,0.23741585,0.83790183,0.8417873,0.83340216,0.23635694,-0.004499674,-0.01895271
0.03937897,0.08636077,0.07842276,0.14297095,0.009159304,0.007725358,0.10978097,0.12312195,0.10062166,0.70379096
0.104259595,0.08565233,0.07842276,0.16766042,0.6592221,0.6603498,0.7567426,0.15606573,0.09752047,0.5816547
0.09690039,0.086879164,0.07842276,0.16768125,0.9406022,0.94553185,1.0062264,0.15194672,0.06562424,0.391363
0.07650345,0.08574264,0.07842276,0.14801854,0.9985107,1.0013356,0.9979671,0.13912119,-0.00054359436,-0.0036724748
0.10063978,0.08483182,0.07842276,0.15602174,0.68059397,0.68332744,0.5513768,0.15321532,-0.12921715,-0.8281996
0.081587784,0.08472875,0.07842276,0.14230467,0.86751544,0.868433,0.855198,0.14137064,-0.012317419,-0.08655667
0.1101884,0.08519588,0.07842276,0.16607575,0.58598405,0.5894406,0.636959,0.15984352,0.050974965,0.30693802
0.09857946,0.08535077,0.07842276,0.15826705,0.44561514,0.45217875,0.6201881,0.15216042,0.17457297,1.1030279
0.06131739,0.086751804,0.07842276,0.15288089,-0.12103842,-0.117753506,-0.15070346,0.13204479,-0.029665038,-0.1940402
0.09849473,0.08516465,0.07842276,0.15865618,0.65503204,0.652618,0.54543084,0.15200119,-0.1096012,-0.69080955
0.09709699,0.085794374,0.07842276,0.15773322,0.47400033,0.47608185,0.3862135,0.15145504,-0.08778682,-0.5565525
0.09753947,0.085998625,0.07842276,0.16252537,0.5770607,0.57673514,0.6106815,0.15185466,0.033620775,0.20686477
0.035707906,0.0878107,0.07842276,0.15805247,-0.25302744,-0.25167018,0.026819158,0.123028055,0.2798466,1.770593
0.09763416,0.08554339,0.07842276,0.1586687,0.9115186,0.9111719,0.96323043,0.15165827,0.051711857,0.3259109
0.09670888,0.085562125,0.07842276,0.15736498,0.41358137,0.4140203,0.43325767,0.15107487,0.019676298,0.12503606
0.105868995,0.08484871,0.07842276,0.15635401,0.8929771,0.89429754,1.0036458,0.1567089,0.11066866,0.70780826
0.10034445,0.085168794,0.07842276,0.15716085,0.669341,0.67387474,0.58125544,0.15320855,-0.08808559,-0.56048054
0.09452348,0.085677974,0.07842276,0.15776892,0.544978,0.54353464,0.371788,0.14975157,-0.17319003,-1.097745
0.10263323,0.08503711,0.07842276,0.16117388,0.5611935,0.560077,0.6589267,0.15464482,0.0977332,0.6063836
0.056297354,0.08500076,0.07842276,0.13376573,0.57929146,0.5796888,0.4998245,0.12862602,-0.07946697,-0.5940757
0.08979766,0.090988785,0.07842276,0.20817393,0.6853205,0.68784857,0.31527743,0.1499757,-0.37004307,-1.7775668
0.11906029,0.08944875,0.07842276,0.2050782,1.0657846,1.0635023,1.1783351,0.16830496,0.1125505,0.54881746
0.0806325,0.08490122,0.07842276,0.1448905,0.6990384,0.7024578,0.50651854,0.14092532,-0.19251984,-1.3287264
0.1060314,0.085335135,0.07842276,0.1617573,0.8601739,0.8610735,0.7141285,0.15708238,-0.14604539,-0.9028673
0.06960937,0.08561831,0.07842276,0.14153717,0.40158337,0.40194798,0.33695978,0.13537389,-0.064623594,-0.4565839
0.095287584,0.08596124,0.07842276,0.16332763,0.64054525,0.6440573,0.48325914,0.15039676,-0.15728611,-0.9630098
0.1384451,0.08619281,0.07842276,0.19527178,0.7893748,0.78714365,0.77837557,0.1809596,-0.010999262,-0.05632797
0.057522804,0.085479684,0.07842276,0.13379413,0.49006307,0.4937598,0.47374967,0.12948273,-0.016313404,-0.12192915
0.10735107,0.08545521,0.07842276,0.16055582,0.57993394,0.58215636,0.4456042,0.15804106,-0.13432974,-0.83665437
0.10409891,0.08673148,0.07842276,0.1716889,1.005832,1.0008667,0.9891738,0.1565537,-0.016658127,-0.09702507
0.11804183,0.084727235,0.07842276,0.16753899,0.90700245,0.9042876,0.9609082,0.16511422,0.053905725,0.32175034
0.09610145,0.086170636,0.07842276,0.1595903,0.9246276,0.9225664,0.9279142,0.1510331,0.0032866,0.020593984
0.07079733,0.08650578,0.07842276,0.1550442,0.97266936,0.9712125,1.0846585,0.13654904,0.11198914,0.72230464
0.121573076,0.085291415,0.07842276,0.1753209,0.66001743,0.66222966,0.6357752,0.16794275,-0.024242222,-0.13827343
0.07742552,0.08610344,0.07842276,0.15222599,0.077765,0.078280985,0.20884429,0.13985221,0.13107929,0.8610835
0.34321302,0.08777166,0.07842276,0.37963673,1.015051,1.0035114,1.2879047,0.3628349,0.27285373,0.71872324
0.10836541,0.085230425,0.07842276,0.16195238,0.8609282,0.86669517,0.56724995,0.1586109,-0.29367822,-1.8133616
0.0681344,0.085368074,0.07842276,0.1396518,0.5006716,0.49791956,0.6819825,0.13446239,0.18131089,1.2983068
0.1255496,0.085008465,0.07842276,0.17545699,0.76919687,0.7707155,0.55607325,0.1707023,-0.21312362,-1.2146773
0.11972789,0.085194625,0.07842276,0.17119586,0.7201091,0.7190155,0.8385469,0.16656236,0.11843777,0.6918261
0.03665016,0.08578471,0.07842276,0.1365221,0.12253602,0.12332958,0.077985294,0.12187034,-0.044550724,-0.3263261
0.2154886,0.08738204,0.07842276,0.2676353,0.91536915,0.9144597,0.9592847,0.24539985,0.04391557,0.16408737
0.106737584,0.087254666,0.07842276,0.1787946,1.0434422,1.0448066,1.0303204,0.15860775,-0.013121843,-0.0733906
0.06696035,0.08503241,0.07842276,0.1404611,0.89024806,0.8902361,0.9440037,0.13365752,0.05375564,0.38270837
0.11912001,0.085309096,0.07842276,0.17253108,0.8320004,0.8272768,0.91686434,0.16618468,0.08486396,0.49187636
0.10164714,0.08635895,0.07842276,0.16712478,0.99589634,0.9943943,0.8819265,0.15472601,-0.11396986,-0.6819447
0.073333986,0.086203024,0.07842276,0.14992924,0.04502082,0.04421553,-0.12546021,0.13769156,-0.17048103,-1.1370766
0.064049326,0.08524775,0.07842276,0.13733861,0.6621984,0.65803766,0.37080905,0.13236172,-0.29138938,-2.1216857
0.107049406,0.08563794,0.07842276,0.16349863,0.41943228,0.41744214,0.3314273,0.1579353,-0.08800498,-0.53826123
0.10234367,0.085301705,0.07842276,0.16116004,0.64241016,0.64334995,0.48932555,0.15459864,-0.1530846,-0.94989187
0.020906247,0.086399026,0.07842276,0.13852037,0.21921754,0.22022945,0.13716415,0.1185411,-0.08205339,-0.59235615
0.098601304,0.08562425,0.07842276,0.1580712,0.626101,0.6236901,0.6676677,0.15232813,0.04156667,0.2629617
0.080277175,0.085348636,0.07842276,0.14615524,0.62630725,0.6293844,0.77596706,0.14099272,0.14965981,1.0239785
0.09609837,0.086090006,0.07842276,0.16229892,0.7067704,0.7065645,0.6368889,0.15098515,-0.0698815,-0.4305728
0.12853931,0.08641334,0.07842276,0.18928777,0.71266216,0.7101704,0.55020386,0.17360803,-0.1624583,-0.858261
0.10047185,0.08524565,0.07842276,0.15738307,0.49922973,0.50242776,0.68285775,0.15333475,0.18362802,1.1667584
0.09802785,0.08548642,0.07842276,0.15952629,0.61109096,0.6137198,0.41982362,0.15187994,-0.19126734,-1.1989707
0.09740142,0.085298605,0.07842276,0.15562758,0.5676682,0.5715579,0.33086002,0.15137047,-0.23680818,-1.5216337
0.097170584,0.08524588,0.07842276,0.15598826,0.9029305,0.9087262,0.9671547,0.1511923,0.06422418,0.41172448
0.10175787,0.08695131,0.07842276,0.17205709,1.0390239,1.0367677,0.9932113,0.15513001,-0.045812547,-0.26626363
0.1015355,0.08492196,0.07842276,0.158684,0.9494442,0.9544939,0.94404817,0.15385489,-0.0053960085,-0.03400474
0.09904948,0.08563409,0.07842276,0.15677479,0.92270553,0.92292917,0.93522,0.15262413,0.012514472,0.079824515
0.11521889,0.086101264,0.07842276,0.17609718,0.78733695,0.7869469,0.6795642,0.16382597,-0.10777277,-0.6120073
0.30641747,0.089033015,0.07842276,0.3531305,1.0470765,1.055451,1.253866,0.32858586,0.2067895,0.58558947
0.1053713,0.085458666,0.07842276,0.1649133,0.85610306,0.86440235,0.8304411,0.1567049,-0.025661945,-0.15560871
0.10582891,0.08589139,0.07842276,0.16657785,0.97227657,0.97391814,1.0053178,0.15724891,0.03304124,0.19835314
0.10015789,0.08642347,0.07842276,0.16943873,0.9690996,0.96689034,0.9762399,0.153788,0.0071403384,0.04214112
0.09902282,0.085426815,0.07842276,0.15853772,0.51678455,0.51396173,0.5990311,0.15249063,0.08224654,0.5187822
0.08323065,0.08473882,0.07842276,0.14468995,0.81877315,0.816396,0.9749076,0.1423311,0.15613443,1.0790966
0.099672064,0.08544306,0.07842276,0.1596174,0.5954858,0.59624493,0.5725812,0.1529221,-0.022904634,-0.14349711
0.11816082,0.08723064,0.07842276,0.18810134,1.0511167,1.0522747,1.0662961,0.16649713,0.015179396,0.08069797
0.10212788,0.08529051,0.07842276,0.1574773,0.96807545,0.96784073,0.99659485,0.15444969,0.028519392,0.1811016
0.10840327,0.08670866,0.07842276,0.17906909,1.0029032,1.0007045,1.2691019,0.15943585,0.26619864,1.4865694
0.09703589,0.08793986,0.07842276,0.18210329,1.0467563,1.0444613,1.0511333,0.15264179,0.0043770075,0.02403585
0.11506143,0.088258564,0.07842276,0.19059908,0.9925194,0.999858,0.6902404,0.16486005,-0.302279,-1.5859414
0.100458585,0.08477042,0.07842276,0.15521589,0.87696195,0.8774065,0.79079866,0.15306234,-0.08616328,-0.555119
0.06522637,0.08471737,0.07842276,0.13560538,0.8306173,0.8290734,0.8319785,0.13259578,0.0013611913,0.010037885
0.10689984,0.08759852,0.07842276,0.1780784,1.0446146,1.0440156,1.0466942,0.15890628,0.002079606,0.011678036
0.1057792,0.08654848,0.07842276,0.17523825,0.98746943,0.9846102,1.0906037,0.1575754,0.103134274,0.58853745
0.10849055,0.08627042,0.07842276,0.17480452,1.0156636,1.0195224,1.1244781,0.15925738,0.10881448,0.6224924
0.09894823,0.08539725,0.07842276,0.15728246,0.8906623,0.8919652,0.887651,0.15242563,-0.0030112863,-0.019145722
0.091967285,0.08491322,0.07842276,0.14936358,0.43571433,0.4357068,0.2576066,0.14771041,-0.17810774,-1.1924442
0.088804655,0.08666544,0.07842276,0.1594215,-0.07789092,-0.07396281,0.120343566,0.14678997,0.19823448,1.2434614
0.10831194,0.085796215,0.07842276,0.1672823,0.6102675,0.61459315,0.7951568,0.15887919,0.18488926,1.105253
0.115138926,0.08913221,0.07842276,0.20227443,0.7661581,0.7699776,0.4178701,0.16538335,-0.348288,-1.7218587
0.061619475,0.08686547,0.07842276,0.15265082,-0.0805472,-0.07872394,-0.34505376,0.13225998,-0.26450658,-1.7327557
0.09164825,0.0860327,0.07842276,0.15943798,0.42922223,0.4314042,0.35894322,0.14815924,-0.070279,-0.44079208
0.09732873,0.08536176,0.07842276,0.15835413,0.92233264,0.9212087,0.9865881,0.1513593,0.064255476,0.40577075
0.26252943,0.08986536,0.07842276,0.3130665,0.9256385,0.92551064,1.1995275,0.28835326,0.273889,0.87485886
0.098355286,0.08560013,0.07842276,0.16246843,0.552589,0.5521138,0.6586695,0.15215543,0.10608047,0.6529297
0.09699584,0.08830154,0.07842276,0.18186349,1.0645604,1.0635746,1.0973198,0.15282501,0.032759428,0.18013197
0.068025276,0.0850699,0.07842276,0.13748045,0.71514285,0.7123506,0.80533093,0.13421795,0.090188086,0.65600663
0.0967222,0.086571984,0.07842276,0.16657805,0.42533517,0.42500204,0.50862396,0.15165758,0.08328879,0.49999857
0.09844082,0.08505062,0.07842276,0.15399083,0.7678193,0.76829886,0.7334862,0.15190238,-0.03433311,-0.22295554
0.030650126,0.08632081,0.07842276,0.14100136,-0.008779553,-0.01011762,0.0493731,0.12058541,0.058152653,0.4124262
0.09576142,0.088904284,0.07842276,0.1894264,1.0951256,1.0956416,1.0874122,0.15239537,-0.007713318,-0.040719338
0.089964055,0.08627854,0.07842276,0.16199741,0.4441384,0.44567147,0.34736905,0.14726727,-0.09676936,-0.5973513
0.098995574,0.08589437,0.07842276,0.1669336,0.6908859,0.68902886,0.7117904,0.15273538,0.020904481,0.12522633
0.10094016,0.08558944,0.07842276,0.15930839,0.8963493,0.8945495,0.6610835,0.15383302,-0.23526579,-1.4767947
0.09895388,0.08494169,0.07842276,0.15712567,0.5089276,0.5107885,0.3834563,0.15217455,-0.1254713,-0.79854107
0.10327329,0.08591665,0.07842276,0.16331533,0.9968351,0.99798787,0.9788741,0.1555544,-0.017961025,-0.10997759
0.07041673,0.084755,0.07842276,0.14045641,0.84363556,0.8426015,0.8304347,0.13524812,-0.013200879,-0.093985595
0.13824132,0.08873986,0.07842276,0.21337005,1.1006896,1.1040137,1.0268477,0.18203175,-0.07384193,-0.34607446
0.013737745,0.086663105,0.07842276,0.13742568,0.19737783,0.20160773,0.16121823,0.117683254,-0.036159605,-0.26312116
0.1006563,0.0864528,0.07842276,0.16669577,0.9749818,0.9725611,0.8860901,0.15412952,-0.088891685,-0.533257
0.07646752,0.08660887,0.07842276,0.15747876,1.0311501,1.0285559,1.1367491,0.13963705,0.105599046,0.67056054
0.10079477,0.08472435,0.07842276,0.15366527,0.813993,0.8152329,0.76240844,0.15325773,-0.05158454,-0.3356942
0.10190208,0.08678344,0.07842276,0.17030008,0.9867623,0.98630655,1.0001824,0.15513068,0.013420105,0.07880269
0.09837653,0.08537587,0.07842276,0.1527223,0.9554903,0.95785993,0.94710517,0.15204312,-0.008385122,-0.05490437
0.09015299,0.08617622,0.07842276,0.15642965,0.34552306,0.3459024,0.21992491,0.14732288,-0.12559815,-0.802905
0.0988552,0.084791675,0.07842276,0.15185505,0.7665006,0.76887643,0.6603057,0.15202667,-0.10619491,-0.69931763
0.100667894,0.08464113,0.07842276,0.1549952,0.7933079,0.7892185,0.82560784,0.1531283,0.032299936,0.20839313
0.004339306,0.08605969,0.07842276,0.12988491,0.049249656,0.052758962,-0.010683695,0.11651279,-0.05993335,-0.46143427
0.07925938,0.085575886,0.07842276,0.14882554,0.9295863,0.93226814,1.1496316,0.14055395,0.22004533,1.4785454
0.07609827,0.08494492,0.07842276,0.14300486,0.541591,0.54018474,0.65155905,0.1384078,0.109968066,0.7689813
0.101804554,0.085350394,0.07842276,0.16202548,0.7389481,0.74111736,0.7641911,0.1542692,0.025242984,0.15579638
0.09386535,0.087123066,0.07842276,0.17147377,-0.19863355,-0.1981175,-0.11998716,0.15017077,0.07864639,0.4586497
0.089275174,0.08638583,0.07842276,0.16183107,0.32360762,0.32787716,0.43844742,0.14691052,0.11483979,0.7096276
0.11430168,0.08559946,0.07842276,0.16820152,0.9025582,0.9054656,0.7325224,0.16291799,-0.17003578,-1.0109051
0.09944693,0.08508465,0.07842276,0.1573068,0.9470278,0.9528575,0.9833511,0.1525753,0.03632331,0.23090743
0.0994241,0.085641496,0.07842276,0.16335033,0.6984116,0.6974654,0.74685985,0.15287167,0.048448265,0.29659116
0.22158474,0.0884088,0.07842276,0.2715938,0.8316759,0.83293235,0.919669,0.2511295,0.087993085,0.3239878
0.09732861,0.08513746,0.07842276,0.15405816,0.7593938,0.75755054,0.75778306,0.15123285,-0.0016107559,-0.010455506
0.11885533,0.08580971,0.07842276,0.1798245,1.0276833,1.0235593,0.9064374,0.1662529,-0.12124586,-0.6742455
0.06125446,0.08492801,0.07842276,0.1328771,0.58094645,0.58349746,0.6135141,0.13082433,0.03256768,0.24509627
0.08754694,0.08494905,0.07842276,0.1460228,0.7413431,0.7415494,0.81923455,0.14502047,0.07789147,0.5334199
0.107661895,0.08536575,0.07842276,0.16038685,0.9238013,0.9224194,1.0390093,0.15820406,0.11520803,0.71831346
0.102624156,0.0865618,0.07842276,0.16830029,1.0335988,1.0300319,0.9818277,0.15548246,-0.051771104,-0.3076115
0.095874265,0.085990615,0.07842276,0.15985453,0.58683443,0.5914796,0.44279322,0.15078591,-0.14404121,-0.9010768
0.10551078,0.08581789,0.07842276,0.16275442,0.8896107,0.88976777,0.95788014,0.15699479,0.06826943,0.41946286
0.095823325,0.085523665,0.07842276,0.15747428,0.09329366,0.09110597,-0.17134011,0.15048766,-0.26463377,-1.6804888
0.100174464,0.085889414,0.07842276,0.16107738,1.0287124,1.030943,1.0107917,0.15349934,-0.017920732,-0.11125542
0.0926626,0.088687606,0.07842276,0.18380682,0.45361602,0.4546998,0.45676067,0.15033956,0.0031446517,0.01710846
0.06341506,0.08531133,0.07842276,0.13768171,0.58081746,0.57794356,0.50151116,0.13209702,-0.079306304,-0.5760119
0.113830246,0.08602243,0.07842276,0.17425624,0.73971957,0.73789644,0.8225865,0.16281067,0.08286691,0.4755463
0.10251829,0.08536434,0.07842276,0.15800396,0.974527,0.973914,0.98028976,0.15474883,0.005762756,0.036472224
0.30741107,0.08718931,0.07842276,0.34074342,0.9113543,0.9137911,1.2092093,0.32901925,0.29785502,0.8741329
0.14322546,0.088763654,0.07842276,0.2338646,1.0928029,1.090242,1.0963815,0.18585654,0.0035786629,0.015302286
0.09838015,0.08506189,0.07842276,0.15687735,0.38390464,0.38412505,0.411384,0.15186939,0.02747935,0.17516455
0.107766636,0.086056344,0.07842276,0.16841403,0.7499014,0.7504525,0.948892,0.1586489,0.19899058,1.1815559
0.09852182,0.08498587,0.07842276,0.154659,0.87487364,0.8759531,0.8524434,0.15191865,-0.022430241,-0.14503029
0.09724636,0.08587286,0.07842276,0.15765972,0.6171458,0.61499417,0.5312489,0.1515953,-0.08589685,-0.5448243
0.07215742,0.08501111,0.07842276,0.1382385,0.90817237,0.91048634,0.98170537,0.13632208,0.073533,0.5319285
0.11365114,0.08488807,0.07842276,0.16277568,0.6434963,0.6453698,0.48039505,0.16208854,-0.16310123,-1.002
0.09450225,0.08576012,0.07842276,0.15650117,0.38349485,0.38478732,0.31359306,0.14978519,-0.069901794,-0.4466535
0.09254795,0.08626812,0.07842276,0.15838172,0.38852295,0.38941622,0.30736765,0.14885376,-0.0811553,-0.5124032
0.09321109,0.08556133,0.07842276,0.15510432,0.43210456,0.43056384,0.37768865,0.14885959,-0.05441591,-0.35083425
0.10305237,0.08638509,0.07842276,0.16907111,0.99448454,0.9942624,0.997111,0.15566729,0.0026264787,0.015534758
0.10301318,0.08509308,0.07842276,0.15941773,0.5523137,0.5497043,0.4521239,0.15492798,-0.100189775,-0.6284732
0.2655734,0.086005926,0.07842276,0.29632428,0.63538957,0.6355872,0.81974787,0.28995928,0.1843583,0.6221505
0.106716104,0.08658243,0.07842276,0.17461203,1.0256653,1.0233554,0.9755559,0.15822445,-0.050109386,-0.28697556
0.10407702,0.08863721,0.07842276,0.19505604,-0.21413884,-0.21792293,-0.13282725,0.15760303,0.08131158,0.4168627
0.101977356,0.08590091,0.07842276,0.16097842,0.9321358,0.9345548,1.0027275,0.15468833,0.07059169,0.43851647
0.113887124,0.087283336,0.07842276,0.18255739,1.0513544,1.0525224,0.97302157,0.16352,-0.07833284,-0.42908612
0.10268265,0.08496728,0.07842276,0.1589687,0.63608205,0.63829696,0.5321171,0.15463924,-0.103964925,-0.65399617
0.103495464,0.08583255,0.07842276,0.16604671,0.740438,0.7420452,0.7867372,0.15565561,0.04629922,0.2788325
0.09548708,0.08610133,0.07842276,0.16270445,0.8879478,0.8898047,0.78803396,0.1506033,-0.099913836,-0.61408174
0.09305701,0.08601362,0.07842276,0.15836917,0.47314894,0.47391832,0.42533854,0.14902376,-0.047810405,-0.30189213
0.071706295,0.08507026,0.07842276,0.13894007,0.9650746,0.962538,1.0419805,0.1361208,0.076905906,0.5535186
0.10786072,0.08500686,0.07842276,0.16049708,0.5410094,0.541841,0.38557053,0.15814623,-0.1554389,-0.9684843
0.09085941,0.08534238,0.07842276,0.1505643,0.43935505,0.44145462,0.2881374,0.14727147,-0.15121764,-1.0043393
0.11020272,0.08752,0.07842276,0.18216218,1.0498626,1.049551,1.0038093,0.16110407,-0.04605329,-0.25281477
0.10267089,0.087080464,0.07842276,0.17158192,0.97943854,0.9803809,1.0084852,0.1558026,0.029046655,0.16928738
0.10099409,0.08470777,0.07842276,0.15417181,0.7436842,0.7425376,0.65077364,0.15337974,-0.09291053,-0.6026428
0.09516892,0.08586431,0.07842276,0.1574898,0.911716,0.9101514,1.0127487,0.15026622,0.101032734,0.6415192
0.099560976,0.08504775,0.07842276,0.15681215,0.51339793,0.510715,0.4557582,0.15262909,-0.057639718,-0.36757177
0.09484042,0.085672714,0.07842276,0.15674432,0.92288244,0.92119944,0.95109457,0.14994882,0.02821213,0.17998822
0.07467744,0.08541186,0.07842276,0.14168309,0.3969028,0.39831895,0.06944609,0.1379204,-0.3274567,-2.3111913
0.12697253,0.08559091,0.07842276,0.1778061,0.8487432,0.8506961,1.0790256,0.17204057,0.23028243,1.2951324
0.100941814,0.087352246,0.07842276,0.17207353,1.0526809,1.0499485,1.0161555,0.15482181,-0.03652537,-0.21226606
0.0743123,0.08482669,0.07842276,0.13865995,0.92253864,0.9186044,1.0095019,0.1373609,0.086963296,0.6271695
0.090265974,0.08606209,0.07842276,0.15950988,0.44999915,0.45453522,0.33951107,0.14732535,-0.11048809,-0.6926724
0.1062317,0.085178524,0.07842276,0.15721416,0.86794066,0.86977744,0.86353695,0.1571327,-0.0044037104,-0.028010901
0.12319533,0.08549974,0.07842276,0.17506367,0.4838928,0.4868664,0.48392946,0.16922596,3.6656857e-05,0.00020939157
0.28689617,0.087758824,0.07842276,0.3281185,0.97523034,0.97172976,1.0379202,0.31009862,0.0626899,0.19105871
0.100569345,0.08587378,0.07842276,0.16400519,0.9254625,0.92502576,0.93249404,0.1537486,0.00703156,0.04287401
0.08370085,0.08710796,0.07842276,0.1622156,0.99695784,0.99754393,1.1193417,0.14402694,0.12238389,0.75445205
0.009522894,0.08701469,0.07842276,0.14377254,-0.078419626,-0.08007836,0.005952287,0.11752605,0.08437191,0.586843
0.017889185,0.08584053,0.07842276,0.13000636,0.12015125,0.1175549,0.15715444,0.117638215,0.03700319,0.284626
0.102536455,0.086014286,0.07842276,0.16500336,0.99121594,0.99208,1.0466434,0.15512031,0.055427432,0.335917
0.09927891,0.085188724,0.07842276,0.15696004,0.6123191,0.60960555,0.6512683,0.15252393,0.03894919,0.24814717
0.10416014,0.08484861,0.07842276,0.15810665,0.90812606,0.90528965,0.9979715,0.15555948,0.08984542,0.5682583
0.07258881,0.08480706,0.07842276,0.13928126,0.8262349,0.8250698,0.95535094,0.13642399,0.12911606,0.92701674
0.11344827,0.08601731,0.07842276,0.17240229,0.8910476,0.89611536,0.73860615,0.16254112,-0.15244144,-0.88421935
0.10394481,0.08699988,0.07842276,0.17857783,-0.15883875,-0.1564483,-0.058140874,0.15660022,0.100697875,0.5638879
0.102007516,0.08586433,0.07842276,0.167144,0.5497284,0.5542978,0.49178177,0.1546879,-0.057946622,-0.3466868
0.09923255,0.085363925,0.07842276,0.15424551,0.8896184,0.8870815,0.78855723,0.1525917,-0.101061165,-0.6551968
0.10095285,0.08475504,0.07842276,0.15464401,0.78191084,0.7838722,0.7809219,0.1533787,-0.0009889603,-0.0063950764
0.062492423,0.085514426,0.07842276,0.14005524,0.9481903,0.9508501,1.0063976,0.13178827,0.058207333,0.41560268
0.09738706,0.087258525,0.07842276,0.18334551,0.9699961,0.97475505,0.99543774,0.15247433,0.025441647,0.1387634
0.101437,0.085512325,0.07842276,0.16225773,1.0118425,1.013917,0.88087076,0.15411669,-0.13097173,-0.80718327
0.102674454,0.087740704,0.07842276,0.17915836,1.1036762,1.1031274,1.0887243,0.15617491,-0.014951944,-0.08345658
0.06662686,0.08496008,0.07842276,0.13491364,0.6361605,0.6385189,0.6715338,0.13344468,0.03537333,0.2621924
0.092819214,0.08550707,0.07842276,0.15500858,0.6660052,0.6623709,0.573069,0.1485833,-0.09293622,-0.5995553
0.08488699,0.08680378,0.07842276,0.1667733,0.0024642344,0.00036227703,0.17917822,0.14453658,0.17671399,1.059606
0.091124855,0.08621382,0.07842276,0.15725854,0.51097137,0.51043737,0.5907527,0.14794151,0.07978135,0.50732607
0.09958126,0.085082725,0.07842276,0.15768205,0.56413233,0.56240404,0.510183,0.1526618,-0.053949356,-0.34214014
0.099728405,0.0850016,0.07842276,0.15079084,0.85268927,0.8517413,0.9725222,0.15271266,0.11983293,0.7946964
0.09884029,0.08511108,0.07842276,0.15491718,0.87847257,0.88129675,0.88904387,0.15219536,0.010571301,0.0682384
0.112670675,0.08660383,0.07842276,0.17971711,1.0593843,1.0600722,1.158088,0.16231152,0.09870362,0.5492166
0.11469665,0.08659311,0.07842276,0.17774053,0.98634446,0.99286216,0.9684736,0.16371872,-0.017870843,-0.10054456
0.10796878,0.086427085,0.07842276,0.17277068,0.97388816,0.9707527,1.1721065,0.1589875,0.19821835,1.1472915
0.11592161,0.08462558,0.07842276,0.1692421,0.697224,0.69523466,0.53634375,0.16355255,-0.16088027,-0.95059246
0.09125572,0.085655384,0.07842276,0.1552943,0.40979344,0.40825823,0.27570286,0.1476976,-0.13409057,-0.863461
0.09523673,0.085565396,0.07842276,0.15807572,0.43989742,0.43991137,0.39872104,0.1501386,-0.04117638,-0.26048514
0.098495215,0.08533733,0.07842276,0.15839861,0.5675683,0.56704867,0.42719388,0.15209831,-0.14037442,-0.8862099
0.07444744,0.08563633,0.07842276,0.14674993,0.7771529,0.7724693,0.8521016,0.13793525,0.07494873,0.5107241
0.10182703,0.08528321,0.07842276,0.16097547,0.7557932,0.7579055,0.49270454,0.15424688,-0.26308867,-1.6343402
0.08953664,0.085343026,0.07842276,0.15127847,0.4050638,0.40141308,0.28793603,0.14645946,-0.117127776,-0.7742528
0.119141564,0.08494183,0.07842276,0.16763982,0.9421175,0.946472,0.9738111,0.16601191,0.031693578,0.18905757
0.0989424,0.084736936,0.07842276,0.15390585,0.809668,0.8093327,0.68838423,0.15205288,-0.12128377,-0.78803873
0.10031833,0.08509693,0.07842276,0.15600641,0.65802735,0.65784883,0.6952189,0.15315151,0.03719157,0.2383977
0.11848937,0.08534473,0.07842276,0.16884132,0.92554915,0.92201734,0.9234927,0.16575158,-0.0020564198,-0.012179601
0.10069411,0.08485191,0.07842276,0.15591384,0.90496707,0.9041802,0.8861578,0.15326214,-0.018809259,-0.120638795
0.038451537,0.08677792,0.07842276,0.14447296,-0.10671171,-0.10408455,-0.17340694,0.123122126,-0.066695236,-0.46164513
0.09839592,0.085716106,0.07842276,0.15984003,0.4533277,0.45364732,0.4751916,0.15224697,0.021863908,0.13678618
0.096663915,0.08520004,0.07842276,0.15253112,0.5302491,0.52860785,0.5362301,0.15084127,0.0059809685,0.039211463
0.101772174,0.08494134,0.07842276,0.15481354,0.7059462,0.70637846,0.7844747,0.15402187,0.078528464,0.5072454
0.09947281,0.085096166,0.07842276,0.15537405,0.6560525,0.65464866,0.52179164,0.15259859,-0.13426083,-0.8641136
0.095409535,0.08589873,0.07842276,0.16236503,0.9490181,0.9468722,0.9843202,0.15043837,0.035302103,0.21742429
0.097557776,0.085135005,0.07842276,0.15549819,0.7378731,0.7348888,0.76258105,0.15137905,0.024707973,0.15889557
0.018447887,0.08682955,0.07842276,0.14604844,0.039773013,0.040344685,0.13036594,0.118447565,0.09059292,0.6202937
0.13389273,0.08842197,0.07842276,0.21025398,1.0819571,1.0834454,0.9574205,0.17859407,-0.124536574,-0.59231496
0.10303126,0.08582463,0.07842276,0.15971707,0.94020516,0.9375876,0.98472977,0.15534298,0.04452461,0.27877176
0.07736805,0.08609577,0.07842276,0.14980151,0.9892291,0.99273384,0.9643539,0.13981569,-0.024875164,-0.16605416
0.09441258,0.085684225,0.07842276,0.15564252,0.64195645,0.640415,0.6072405,0.14968517,-0.03471595,-0.22304927
0.11964164,0.08604774,0.07842276,0.1747136,0.8936466,0.89681184,0.9619334,0.1669385,0.06828678,0.3908498
0.09386285,0.08645649,0.07842276,0.1658399,0.63753134,0.63928974,0.64089864,0.14978348,0.0033673048,0.020304551
0.10091405,0.08504752,0.07842276,0.15652497,0.7301587,0.72900236,0.7622508,0.15351501,0.032092094,0.2050286
0.09752007,0.0855765,0.07842276,0.1598165,0.6093592,0.60638344,0.72227186,0.15160353,0.112912655,0.70651436
0.1010667,0.08619226,0.07842276,0.16677998,0.09495616,0.09269485,-0.104301274,0.15425211,-0.19925743,-1.1947323
0.10171844,0.085803814,0.07842276,0.16568542,0.8398707,0.8377811,0.77119046,0.1544638,-0.06868023,-0.41452187
0.09613292,0.086095385,0.07842276,0.15858588,0.83256114,0.8355681,0.65498465,0.15101022,-0.17757648,-1.1197497
0.09935637,0.085651584,0.07842276,0.16269858,0.8048686,0.80309916,0.74182105,0.15283328,-0.06304753,-0.38751122
0.10419785,0.087099776,0.07842276,0.17368664,1.0348811,1.036034,1.0048972,0.15682377,-0.029983878,-0.17263204
0.12185577,0.086330295,0.07842276,0.18149073,0.99610054,0.9943633,0.96057063,0.16867685,-0.03552991,-0.19576709
0.099816784,0.085010916,0.07842276,0.15590914,0.5535059,0.5534625,0.68596554,0.15277557,0.13245964,0.8495951
0.09962602,0.08487391,0.07842276,0.15763497,0.73219156,0.73541975,0.80099183,0.15257475,0.06880027,0.43645307
0.104077965,0.08582359,0.07842276,0.16153656,0.94190764,0.94200265,0.99693614,0.15603858,0.0550285,0.3406566
0.095902205,0.08951075,0.07842276,0.19857448,1.0938957,1.0947409,1.0212927,0.15283827,-0.07260299,-0.36562094
0.069631204,0.08491626,0.07842276,0.1367118,0.8831342,0.8794403,0.75064725,0.13494223,-0.13248694,-0.96909654
0.07973738,0.08665783,0.07842276,0.1558312,1.0156555,1.0180357,1.103335,0.14148413,0.087679505,0.56265694
0.10384967,0.08652123,0.07842276,0.17108208,1.0187461,1.0177741,1.055103,0.15627159,0.036356807,0.2125109
0.19580895,0.087357715,0.07842276,0.24370307,0.7448584,0.7475271,0.7792212,0.22830383,0.034362793,0.14100271
0.096158594,0.085438386,0.07842276,0.15766674,0.9198659,0.91862714,0.9737788,0.15065299,0.053912878,0.34194198
0.094584584,0.08517466,0.07842276,0.15428106,0.6085904,0.60867643,0.43983775,0.14950283,-0.16875267,-1.0938003
0.10685624,0.08521944,0.07842276,0.16270556,0.9310068,0.93460417,0.97144747,0.15757772,0.04044068,0.24855131
0.06901299,0.084711924,0.07842276,0.13708419,0.83200717,0.82702875,0.782107,0.13449548,-0.049900174,-0.36401117
0.097649485,0.0851063,0.07842276,0.15255783,0.66072863,0.6643569,0.7268331,0.15142204,0.06610447,0.43330762
0.09782403,0.08522887,0.07842276,0.15695003,0.49053138,0.49075854,0.46643755,0.15160353,-0.024093837,-0.15351279
0.1055832,0.086709045,0.07842276,0.17483951,0.97323984,0.9717263,1.2505542,0.15753223,0.27731436,1.5861081
0.099163696,0.086922064,0.07842276,0.16954486,0.9791645,0.97896147,1.1141804,0.1534243,0.13501596,0.7963436
0.08772264,0.08581411,0.07842276,0.15235619,0.47407687,0.47504586,0.3834563,0.14563465,-0.09062058,-0.5947942
0.07252714,0.08585491,0.07842276,0.14469306,0.1688112,0.1673299,0.20525852,0.13704519,0.036447316,0.25189403
0.09935009,0.08581043,0.07842276,0.16104975,0.4890321,0.49033344,0.57819206,0.15291828,0.089159966,0.55361754
0.09869076,0.086290196,0.07842276,0.16374087,0.044091754,0.046632975,-0.13006459,0.15276124,-0.17415634,-1.0636095
0.13463834,0.086193204,0.07842276,0.18631835,0.83607066,0.83725566,1.0010281,0.17806426,0.1649574,0.88535243
0.1279249,0.08775564,0.07842276,0.20554577,0.9273685,0.92588043,0.80942506,0.1738274,-0.117943466,-0.57380635
0.08689652,0.08649066,0.07842276,0.16033709,1.0310857,1.029866,1.1669834,0.14553958,0.13589764,0.84757453
0.10527825,0.08530034,0.07842276,0.15929222,0.4065488,0.40362123,0.41772074,0.15655603,0.011171937,0.070134856
0.15043384,0.08648575,0.07842276,0.20391491,0.87993497,0.88209975,0.8065734,0.19042125,-0.073361576,-0.35976562
0.13126922,0.08539815,0.07842276,0.17791747,0.8658515,0.86475265,1.0926785,0.1751416,0.22682703,1.2749003
0.099341206,0.08499741,0.07842276,0.1556447,0.666973,0.6651911,0.6487112,0.15245774,-0.01826179,-0.117329985
0.10659497,0.084922254,0.07842276,0.1607164,0.43744197,0.43696678,1.0961311,0.15723997,0.65868914,4.0984564
0.094665244,0.0851842,0.07842276,0.15312089,0.5870321,0.5891497,0.5238635,0.1495593,-0.063168585,-0.4125406
0.10055657,0.08562071,0.07842276,0.1642517,0.89527994,0.8932507,0.9610032,0.15359902,0.06572324,0.40013736
0.07098281,0.08531576,0.07842276,0.14115219,0.49218798,0.48953846,0.5088124,0.13589506,0.01662445,0.11777678
0.09103868,0.08580936,0.07842276,0.15598807,0.9815491,0.98169756,1.1128294,0.14765303,0.13128036,0.8416052
0.10044513,0.08545583,0.07842276,0.16051629,0.460431,0.4592789,0.4862604,0.1534342,0.025829405,0.16091454
0.1010885,0.08481587,0.07842276,0.15370281,0.6179358,0.6172563,0.73332566,0.15350161,0.11538988,0.75073373
0.103447214,0.08678691,0.07842276,0.16963872,0.9846513,0.98822784,0.95158035,0.15615192,-0.03307098,-0.19494948
0.09766151,0.085083574,0.07842276,0.15431753,0.52604324,0.5299137,0.36660972,0.15141702,-0.15943351,-1.0331523
0.10234899,0.086318284,0.07842276,0.16445741,1.0283107,1.0295124,0.9555819,0.15516537,-0.07272875,-0.44223458
0.07230824,0.08492287,0.07842276,0.1387342,0.95669484,0.956951,1.0023432,0.13634701,0.045648336,0.32903448
0.11031707,0.08553217,0.07842276,0.16754086,0.605396,0.6048223,0.81107205,0.16011164,0.20567608,1.2276174
0.10049477,0.08502208,0.07842276,0.15357402,0.8025986,0.80243874,0.806146,0.1532256,0.00354743,0.023099154
0.105175994,0.08671454,0.07842276,0.17491701,0.95399433,0.953385,1.0919482,0.15726262,0.13795382,0.7886815
0.09609968,0.08555652,0.07842276,0.15546012,0.54313225,0.54172075,0.36528203,0.15068243,-0.17785022,-1.1440247
0.09951502,0.08534364,0.07842276,0.15872069,0.8329179,0.8295039,0.7413407,0.15276422,-0.09157723,-0.576971
0.12056625,0.08660179,0.07842276,0.18133515,0.91244054,0.91300803,1.0727056,0.16788752,0.16026509,0.883806
0.10929427,0.084791526,0.07842276,0.1614956,0.7733587,0.77653944,0.870158,0.1590125,0.096799314,0.5993929
0.10170977,0.0857612,0.07842276,0.1610438,0.8239285,0.8245263,0.77442205,0.15443443,-0.049506426,-0.3074097
0.07218369,0.084784985,0.07842276,0.14308806,0.620298,0.62058425,0.7455198,0.13619511,0.12522179,0.8751379
0.09942402,0.085168585,0.07842276,0.1587483,0.53810567,0.5364225,0.45798782,0.15260719,-0.08011785,-0.5046848
0.09723175,0.08826491,0.07842276,0.18450923,1.0777879,1.0764563,1.0736597,0.15295371,-0.0041282177,-0.022374043
0.10087966,0.08489085,0.07842276,0.15461893,0.6515337,0.65067124,0.5681665,0.15340565,-0.08336723,-0.53917867
0.060408026,0.08482743,0.07842276,0.13612127,0.82678163,0.8273829,0.7607315,0.13036469,-0.06605011,-0.4852299
0.09429738,0.08591297,0.07842276,0.15758076,0.4200688,0.41915527,0.38417414,0.14974366,-0.035894662,-0.22778581
0.094292775,0.085501835,0.07842276,0.1553327,1.0072193,1.0108843,1.1305075,0.14950526,0.123288155,0.7937038
0.09719516,0.086077355,0.07842276,0.16376206,0.86257434,0.86011964,0.81945837,0.15167841,-0.043115973,-0.26328427
0.11639876,0.08633165,0.07842276,0.1739396,1.0285358,1.0292355,1.1075864,0.1647785,0.07905054,0.4544712
0.17467661,0.09226146,0.07842276,0.26567456,0.85404813,0.85599977,1.1190908,0.2125423,0.26504266,0.99762154
0.022417592,0.08578142,0.07842276,0.1280896,0.066949725,0.067319006,0.11537749,0.11836862,0.048427768,0.37807727
0.09925663,0.08500923,0.07842276,0.15832315,0.9573053,0.9596371,0.9528554,0.15240924,-0.004449904,-0.028106464
0.1885366,0.087577,0.07842276,0.24337083,0.89252245,0.89593995,0.5294817,0.2221844,-0.36304075,-1.4917184
0.101226486,0.08489634,0.07842276,0.15697324,0.6445687,0.6414065,0.64340335,0.15363698,-0.0011653304,-0.007423752
0.09902947,0.08577048,0.07842276,0.16392536,0.96784294,0.96744895,0.998791,0.15268773,0.030948043,0.1887935
0.10764336,0.085971594,0.07842276,0.16664968,0.4748407,0.47368717,0.5133774,0.15851921,0.038536727,0.23124392
0.11827037,0.085649155,0.07842276,0.1709079,0.9379891,0.9384726,1.1256016,0.16575219,0.18761253,1.0977405
0.081714466,0.08520856,0.07842276,0.14711146,0.24999839,0.25073773,0.20701467,0.14173172,-0.042983726,-0.29218474
0.10019313,0.086698845,0.07842276,0.16497217,0.9639369,0.9624803,0.92984277,0.15396585,-0.034094155,-0.2066661
0.09518605,0.08543752,0.07842276,0.15598136,0.8454081,0.84961474,0.9349426,0.15003361,0.08953452,0.5740078
0.1794205,0.08842451,0.07842276,0.24708885,1.032497,1.0303645,0.9389498,0.2148505,-0.093547225,-0.37859753
0.10922384,0.08563395,0.07842276,0.16857912,0.9749177,0.9757386,1.0820885,0.15941504,0.10717076,0.63572973
0.07070829,0.08490533,0.07842276,0.13843791,0.9431976,0.9400421,1.0050088,0.1354943,0.06181121,0.44649047
0.065845884,0.085082754,0.07842276,0.13586387,0.88182807,0.88132656,1.0099562,0.13313484,0.12812817,0.94306284
0.098803,0.085377686,0.07842276,0.15684046,0.5531236,0.5530987,0.6364979,0.15232043,0.08337432,0.5315868
0.100709386,0.08488179,0.07842276,0.1562997,0.8576303,0.8590039,0.92931163,0.1532887,0.07168132,0.4586146
0.097577386,0.0860836,0.07842276,0.16076699,0.9035369,0.9027089,0.8960685,0.15192716,-0.0074684024,-0.046454825
0.098929815,0.085048996,0.07842276,0.15541083,0.7408372,0.73747003,0.71684605,0.15221883,-0.023991168,-0.15437256
0.01769611,0.08594656,0.07842276,0.12931454,0.14830756,0.14755633,0.2071764,0.11768642,0.05886884,0.4552376
0.10543268,0.08575246,0.07842276,0.16439515,0.9037292,0.9077724,0.77948827,0.15690655,-0.124240935,-0.7557457
0.11926268,0.084758945,0.07842276,0.16646895,0.60421574,0.6039927,0.48348746,0.1660054,-0.120728284,-0.72523004
0.117885105,0.08522211,0.07842276,0.16976678,0.8764643,0.8757873,0.8391385,0.16525689,-0.0373258,-0.21986514
0.0982059,0.085360885,0.07842276,0.15636078,0.63893116,0.6428111,0.6713395,0.15192436,0.032408357,0.20726654
0.09937007,0.08476318,0.07842276,0.15703616,0.57983005,0.5832597,0.5808908,0.1523461,0.0010607243,0.00675465
0.09851895,0.085064866,0.07842276,0.1570442,0.6288681,0.6275067,0.6329429,0.151961,0.004074812,0.025946911
0.09863105,0.08521562,0.07842276,0.15585074,0.84993744,0.8535644,0.71586967,0.1521181,-0.13406777,-0.8602319
0.13726893,0.0882882,0.07842276,0.21451022,0.8857391,0.8837919,1.0458509,0.18107373,0.16011178,0.7464063
0.06967824,0.08471542,0.07842276,0.13995694,0.74104714,0.7385889,0.8919554,0.13484024,0.15090823,1.0782477
0.0950154,0.086408615,0.07842276,0.16805582,0.70236266,0.69950724,0.6909753,0.15048091,-0.011387348,-0.06775932
0.100064,0.08609634,0.07842276,0.16240029,0.89112437,0.89070135,0.95176965,0.1535432,0.060645282,0.37343088
0.078958645,0.08471684,0.07842276,0.13991922,0.67893076,0.67418635,0.67843646,0.13986258,-0.0004943013,-0.0035327622
0.084416054,0.08519098,0.07842276,0.14805768,0.28379548,0.28402072,0.261477,0.14329585,-0.022318482,-0.1507418
0.10068875,0.08752772,0.07842276,0.17687981,1.0109975,1.0125188,1.0662551,0.15475611,0.05525756,0.31240174
0.0991,0.08517991,0.07842276,0.15396488,0.95954466,0.95841014,0.89818746,0.15240261,-0.0613572,-0.39851427
0.16272323,0.08614692,0.07842276,0.20906726,0.69955015,0.69817907,1.0384532,0.20012563,0.33890307,1.6210241
0.09315246,0.08488038,0.07842276,0.15211472,0.72676814,0.73266435,0.80211663,0.14843245,0.0753485,0.49533993
0.06789551,0.085754804,0.07842276,0.1458744,0.08227057,0.07955763,0.123590335,0.13458757,0.041319765,0.2832558
0.090796866,0.08766885,0.07842276,0.1711567,1.0501326,1.057503,1.125413,0.1485935,0.07528031,0.43983266
0.096050695,0.08618391,0.07842276,0.16617352,0.54301155,0.54657036,0.49691582,0.1510084,-0.04609573,-0.27739516
0.10586555,0.084917635,0.07842276,0.16134988,0.8340224,0.83486104,0.7865811,0.1567439,-0.047441304,-0.2940275
0.099292986,0.08488368,0.07842276,0.15271081,0.6532875,0.654708,0.6066715,0.15236294,-0.04661596,-0.30525643
0.09821238,0.0853193,0.07842276,0.15842602,0.64945084,0.6473422,0.729424,0.1519052,0.07997316,0.5047982
0.07290084,0.08478559,0.07842276,0.1390454,0.8796661,0.88000655,0.93495774,0.13657694,0.055291653,0.3976518
0.08319067,0.08696698,0.07842276,0.16327281,1.0654836,1.0681679,1.0832446,0.14364564,0.017760992,0.10878108
0.100011796,0.0859611,0.07842276,0.16459763,0.87015605,0.8643857,0.8434321,0.15343338,-0.026723921,-0.16235909
0.066332884,0.084723294,0.07842276,0.13514471,0.82072526,0.8242479,0.85797745,0.13314736,0.037252188,0.27564666
0.116078116,0.08647264,0.07842276,0.1785935,1.0284364,1.0236708,1.0357019,0.16462618,0.0072654486,0.040681485
0.09730301,0.08536131,0.07842276,0.15613702,0.8105782,0.8154428,0.8418473,0.15134253,0.031269073,0.20026688
0.067511685,0.087079175,0.07842276,0.1611478,-0.10614969,-0.1069282,-0.13436311,0.13524327,-0.028213426,-0.17507794
0.10195289,0.08578567,0.07842276,0.16468975,0.75897944,0.7641778,0.78715575,0.15460822,0.028176308,0.17108719
0.09581459,0.08845828,0.07842276,0.17472741,0.775971,0.7754087,1.1105021,0.1521691,0.33453113,1.9145887
0.0967891,0.085875675,0.07842276,0.15819417,0.45896256,0.45883155,0.55559015,0.15130398,0.09662759,0.6108164
0.0986818,0.08524777,0.07842276,0.15306003,0.92219985,0.9239385,0.70531625,0.15216902,-0.2168836,-1.4169838
0.10985623,0.08765241,0.07842276,0.18253762,1.0370909,1.0369859,1.0754484,0.16093932,0.038357496,0.21013474
0.10063689,0.0851661,0.07842276,0.15989532,0.8926592,0.89088416,0.8489339,0.15339875,-0.04372531,-0.27346212
0.059936218,0.08526818,0.07842276,0.13652201,0.7217562,0.7220485,0.7275982,0.13043444,0.0058419704,0.04279142
0.13198516,0.085181884,0.07842276,0.179684,0.91930276,0.9228182,0.9892985,0.17557381,0.06999576,0.38954923
0.09923646,0.08510301,0.07842276,0.1550864,0.54901767,0.5455554,0.5572184,0.15244845,0.008200705,0.0528783
0.12055452,0.085228994,0.07842276,0.17303716,0.8715724,0.87159896,0.95777005,0.16717507,0.086197674,0.49814546
0.10785366,0.08638073,0.07842276,0.1731386,1.0330881,1.0385076,1.08605,0.15888415,0.052961946,0.30589333
0.11224003,0.08560861,0.07842276,0.17014228,0.7742945,0.7733969,1.0080463,0.1614831,0.23375177,1.3738606
0.116283946,0.08740341,0.07842276,0.18424991,0.99604064,0.9959241,1.0140793,0.16526175,0.01803869,0.097903386
0.09331603,0.085622065,0.07842276,0.1560427,0.4753796,0.4705261,0.20076844,0.14896023,-0.27461115,-1.7598462
0.07210258,0.08621923,0.07842276,0.14874858,0.1840177,0.1839754,0.27316338,0.13704987,0.089145675,0.5993044
0.06502,0.08508952,0.07842276,0.1387076,0.96626437,0.9632246,1.0851728,0.13273266,0.118908405,0.8572595
0.10103395,0.085055485,0.07842276,0.15811007,0.97304165,0.97031504,1.0141171,0.15359825,0.041075468,0.25979033
0.17096922,0.0862648,0.07842276,0.21662298,0.7398428,0.7316291,1.0176468,0.2069353,0.27780402,1.282431
0.09824252,0.0852971,0.07842276,0.15789433,0.7204958,0.7201571,0.74079674,0.15191221,0.020300925,0.12857285
0.101596646,0.08516104,0.07842276,0.15683162,0.7826195,0.7795489,0.85890394,0.1540273,0.07628447,0.48641
0.09969128,0.084857814,0.07842276,0.15829444,0.655074,0.65210927,0.83806163,0.15260842,0.18298763,1.1559954
0.075374864,0.085177444,0.07842276,0.14360361,0.6701014,0.6733527,0.6777894,0.13815461,0.007687986,0.05353616
0.071758874,0.08612415,0.07842276,0.15029883,0.42360687,0.42716223,0.031610414,0.13680948,-0.39199644,-2.6081138
0.10758478,0.0851457,0.07842276,0.16304983,0.85877275,0.861725,0.85416025,0.15803292,-0.0046125054,-0.02828893
0.097325645,0.08657649,0.07842276,0.1711424,0.64375293,0.6453117,0.6915147,0.15204571,0.04776174,0.279076
0.06303085,0.08487207,0.07842276,0.13571966,0.7429384,0.7456453,0.77822363,0.13162935,0.035285234,0.25998616
0.07278897,0.08479247,0.07842276,0.13912563,0.64029706,0.64392877,0.56238806,0.13652152,-0.07790899,-0.5599902
0.09984742,0.08471119,0.07842276,0.15473802,0.65911627,0.6605586,0.7211756,0.15262903,0.062059343,0.40106073
0.10210999,0.08514107,0.07842276,0.15933302,0.9617436,0.9633678,1.0239763,0.15435538,0.062232733,0.39058277
0.106107384,0.08680113,0.07842276,0.17326799,1.0357659,1.0381427,1.1097945,0.15793462,0.07402861,0.4272492
0.09916191,0.08522545,0.07842276,0.15914065,0.7387893,0.7386256,0.7553793,0.15246832,0.01659,0.104247406
0.104279935,0.08489926,0.07842276,0.15913288,0.6901292,0.69149864,0.6002321,0.15566733,-0.089897096,-0.5649184
0.102786824,0.085289784,0.07842276,0.15959887,0.89167094,0.89449203,0.7665318,0.1548858,-0.12513912,-0.7840852
0.13440765,0.08762103,0.07842276,0.20504521,0.9999156,1.0016358,1.1461188,0.1785861,0.14620316,0.7130289
0.09705992,0.08516229,0.07842276,0.1533749,0.86246556,0.8699236,0.9052236,0.15107407,0.042758048,0.27878127
0.10419856,0.085666366,0.07842276,0.1625594,0.7828194,0.7871752,0.82252765,0.15603268,0.039708257,0.2442692
0.32057774,0.08631947,0.07842276,0.34917283,0.80254877,0.804621,0.92856485,0.34113234,0.12601608,0.36089888
0.07195274,0.08488415,0.07842276,0.13957694,0.8956375,0.89667237,0.6791007,0.13613465,-0.21653682,-1.5513796
0.11000035,0.087289296,0.07842276,0.17970784,1.0128443,1.0139511,1.0009024,0.16084038,-0.01194191,-0.0664518
0.09762872,0.085485026,0.07842276,0.1569479,0.7033256,0.7048547,0.8214349,0.15162186,0.118109286,0.7525382
0.098122194,0.085749485,0.07842276,0.15766783,0.47495115,0.478011,0.57261604,0.15208901,0.09766489,0.6194345
0.10000081,0.08513231,0.07842276,0.15968706,0.9786103,0.97860134,0.97480637,0.1529634,-0.0038039088,-0.023821022
0.10852101,0.085738406,0.07842276,0.16704515,0.6061808,0.6115862,0.24929622,0.1589906,-0.35688457,-2.1364558
0.10570689,0.08559156,0.07842276,0.16175763,0.94048285,0.93928254,0.9004764,0.15700316,-0.04000646,-0.24732347
0.07629803,0.084838904,0.07842276,0.14406107,0.8939059,0.8968562,0.91355425,0.13845274,0.019648373,0.1363892
0.11602413,0.0846522,0.07842276,0.16487575,0.75257957,0.7512424,0.91080046,0.16363901,0.15822089,0.9596371
0.12932973,0.08602954,0.07842276,0.18132858,0.02440118,0.027080059,-0.28091744,0.17400399,-0.30531862,-1.6837865
0.11603346,0.0852896,0.07842276,0.17124185,0.73295385,0.73000115,0.8236698,0.16397624,0.090715945,0.5297534
0.072771624,0.087911755,0.07842276,0.16750117,1.0773792,1.0736642,0.9597662,0.13847135,-0.11761302,-0.7021624
0.09793261,0.08555677,0.07842276,0.16153598,0.5997325,0.6030897,0.530379,0.1518581,-0.06935352,-0.42933792
0.058584873,0.08524894,0.07842276,0.13626805,0.8347484,0.8353833,0.9666063,0.12980638,0.13185793,0.96763647
0.09467188,0.08545033,0.07842276,0.15665162,0.6875577,0.68736935,0.6750631,0.14971524,-0.012494624,-0.07976058
0.09669621,0.08855653,0.07842276,0.18300109,1.0856626,1.0864469,1.0710125,0.15278268,-0.014650106,-0.08005475
0.102666885,0.08655022,0.07842276,0.17805135,0.7793459,0.77689564,0.6790734,0.15550421,-0.10027254,-0.5631664
0.08298594,0.08629259,0.07842276,0.15546803,-0.015257298,-0.017462283,-0.25515962,0.14311956,-0.23990232,-1.5430974
0.06879743,0.085094675,0.07842276,0.13806207,0.62001455,0.61656004,0.6628711,0.1346266,0.042856574,0.31041527
0.11172803,0.08515663,0.07842276,0.16500838,0.46303302,0.46710068,0.54082984,0.16088796,0.07779682,0.4714719
0.10292925,0.0848348,0.07842276,0.15485688,0.7649306,0.7662155,0.9924342,0.15473042,0.2275036,1.4691217
0.06397002,0.0850723,0.07842276,0.13831195,0.7373654,0.7338361,0.7930776,0.1322104,0.055712163,0.4028008
0.09902403,0.08552015,0.07842276,0.15541846,0.4801954,0.48215482,0.49832433,0.15254371,0.018128932,0.11664594
0.10167378,0.08713269,0.07842276,0.17527919,1.011934,1.0098612,1.0570077,0.15517665,0.04507363,0.25715333
0.108456,0.086310394,0.07842276,0.17675507,0.9654056,0.9617303,1.0305147,0.15925552,0.06510913,0.36835793
0.09740097,0.08547969,0.07842276,0.15925628,0.7539689,0.75512433,0.84999645,0.1514723,0.09602755,0.602975
0.07048474,0.085304216,0.07842276,0.14211936,1.0064012,1.0066574,1.0243255,0.13562831,0.017924309,0.1261215
0.09923938,0.08540393,0.07842276,0.15807915,0.5434823,0.5486524,0.5301869,0.15261853,-0.013295412,-0.08410604
0.107265614,0.08531962,0.07842276,0.16642405,0.91199756,0.9129189,0.96599144,0.15790972,0.05399388,0.32443556
0.05952799,0.08690984,0.07842276,0.15476194,-0.10578364,-0.10479191,0.0786018,0.13132796,0.18438545,1.1914134
0.01840953,0.08582838,0.07842276,0.13274464,0.07967507,0.07764059,0.1737106,0.1177096,0.09403553,0.70839417
0.10651726,0.08609083,0.07842276,0.16969094,1.0185311,1.0126874,0.9245429,0.1578217,-0.09398818,-0.5538786
0.09750609,0.08555345,0.07842276,0.15891479,0.66795456,0.6735865,0.5531181,0.15158153,-0.114836454,-0.72262913
0.097662,0.08510791,0.07842276,0.15602238,0.94557583,0.9424721,0.93772846,0.15143101,-0.007847369,-0.05029643
0.21998665,0.087650955,0.07842276,0.2683805,0.8608897,0.86172974,0.8809336,0.24945329,0.02004391,0.07468467
0.11111592,0.08477669,0.07842276,0.16169128,0.86410725,0.865008,0.82707834,0.16026218,-0.03702891,-0.22900993
0.09972506,0.084906526,0.07842276,0.15500605,0.85531473,0.85780865,0.96145433,0.15265758,0.1061396,0.6847449
0.047919676,0.08745883,0.07842276,0.15781562,-0.17522043,-0.17596117,-0.022093572,0.12686792,0.15312687,0.97028965
0.10133917,0.085901596,0.07842276,0.16703673,0.95576566,0.9587033,1.0313479,0.15426873,0.075582206,0.45248854
0.08329533,0.084877245,0.07842276,0.14503674,0.6881119,0.6894036,0.7744732,0.14245136,0.08636129,0.5954442
0.11720443,0.08673638,0.07842276,0.18487735,1.0251994,1.0319154,1.0270967,0.16556029,0.001897335,0.010262669
0.097860895,0.08555691,0.07842276,0.16031183,0.82971346,0.83153594,0.3821972,0.15181196,-0.44751626,-2.791536
0.13695918,0.08776708,0.07842276,0.20468141,1.0138597,1.0144556,1.1449695,0.18058518,0.13110971,0.6405551
0.09983373,0.08516439,0.07842276,0.15692821,0.71981823,0.7178858,0.82126456,0.15287209,0.10144633,0.6464506
0.100653686,0.086336054,0.07842276,0.16375415,0.9330368,0.9327394,1.0492451,0.15406235,0.116208315,0.7096511
0.09842244,0.08701266,0.07842276,0.16892207,0.4805675,0.48447472,0.66305983,0.15299775,0.18249232,1.0803344
0.09643661,0.086517215,0.07842276,0.16804424,0.6030288,0.60621357,0.9939518,0.15144432,0.39092302,2.3263102
0.09636964,0.085106984,0.07842276,0.15856934,0.98401344,0.98697877,0.94887733,0.15060025,-0.035136104,-0.22158195
0.03994109,0.08649153,0.07842276,0.1421293,-0.09268576,-0.09029627,0.12368834,0.12339451,0.2163741,1.522375
0.09916189,0.085404284,0.07842276,0.15739998,0.4048701,0.40736008,0.50192153,0.15256836,0.09705144,0.6165912
0.07101221,0.08508394,0.07842276,0.13910499,0.9418913,0.940119,0.9980631,0.13576502,0.056171775,0.40380847
0.08309974,0.08808671,0.07842276,0.17305303,1.0212488,1.0194161,1.0969205,0.14427392,0.07567167,0.4372745
0.09875714,0.08486498,0.07842276,0.15509139,0.6566305,0.65630186,0.61287916,0.15200384,-0.04375136,-0.2821005
0.10831006,0.08513373,0.07842276,0.16248767,0.91795444,0.91719466,1.0099478,0.15852115,0.09199333,0.5661558
0.09633384,0.08588105,0.07842276,0.16254345,0.8497007,0.8486534,0.84255934,0.15101619,-0.0071413517,-0.043935034
0.116862066,0.08571154,0.07842276,0.17389187,1.001529,1.0041515,1.0309193,0.1647827,0.029390335,0.169015
0.09765229,0.085314125,0.07842276,0.15773737,0.6225189,0.6241382,0.4693212,0.15154076,-0.1531977,-0.9712201
0.010702512,0.08593266,0.07842276,0.13123839,0.083673105,0.08275527,0.16999754,0.11682934,0.08632444,0.6577682
0.10180756,0.08674518,0.07842276,0.16959047,0.98252994,0.9765346,0.968945,0.15504721,-0.013584912,-0.08010422
0.06533774,0.085034646,0.07842276,0.1355178,0.81764424,0.82034016,0.83980477,0.13285346,0.02216053,0.16352487
0.36223936,0.0865164,0.07842276,0.38714302,0.9215059,0.93548965,1.0495436,0.38059503,0.12803769,0.33072454
0.10232912,0.08512109,0.07842276,0.16091305,0.8674209,0.86434686,0.8024932,0.15448941,-0.0649277,-0.40349552
0.09865172,0.08574098,0.07842276,0.16144261,0.5522994,0.55131626,0.5836181,0.1524264,0.031318724,0.19399293
0.10763093,0.085188046,0.07842276,0.15918049,0.5507364,0.55324054,0.807934,0.15808716,0.25719756,1.6157606
0.09760047,0.086204246,0.07842276,0.16510189,0.5091026,0.5117338,0.49032375,0.15201037,-0.01877883,-0.11374086
0.10825589,0.08557834,0.07842276,0.16431233,0.84477866,0.84391165,1.0062991,0.15872341,0.16152048,0.98300886
0.10473519,0.08639579,0.07842276,0.16690375,1.0128254,1.0130551,1.077077,0.1567923,0.06425166,0.38496235
0.13175656,0.08664565,0.07842276,0.1947898,0.99073887,0.9866872,1.1178279,0.17611754,0.12708902,0.6524419
0.0945474,0.08540072,0.07842276,0.15488082,0.8607887,0.8587465,0.8830763,0.14960824,0.022287607,0.14390166
0.11095457,0.0849862,0.07842276,0.16355112,0.73890555,0.73683643,0.68877566,0.16026135,-0.05012989,-0.306509
0.101104096,0.08716359,0.07842276,0.17526852,-0.28218597,-0.28223446,-0.2943073,0.15482138,-0.01212132,-0.06915857
0.06375015,0.08513251,0.07842276,0.1379274,0.90054584,0.89954174,0.8944601,0.13214295,-0.0060857534,-0.044122875
0.077107124,0.08534304,0.07842276,0.1447589,0.6292813,0.63117135,0.8004627,0.13920875,0.17118144,1.1825279
0.11339964,0.08473236,0.07842276,0.16281351,0.8249502,0.8279065,1.0294406,0.16183072,0.20449042,1.2559794
0.098682165,0.085668474,0.07842276,0.15897878,0.7977205,0.8012168,0.8888812,0.15240534,0.091160715,0.5734144
0.015399436,0.08679157,0.07842276,0.14002949,-0.01534961,-0.014058679,0.0164065,0.11798325,0.03175611,0.22678159
0.016204571,0.08677922,0.07842276,0.14129844,-0.019683763,-0.01473704,0.05914672,0.11808197,0.07883048,0.55790055
0.13629657,0.086982846,0.07842276,0.19855931,1.0089424,0.99972254,0.7790551,0.17970225,-0.22988725,-1.1577762
0.10405965,0.08522123,0.07842276,0.16052108,0.61163545,0.60890716,0.5473562,0.15569586,-0.06427926,-0.40044123
0.09781814,0.085121855,0.07842276,0.15836056,0.7313978,0.7322459,0.73516756,0.1515396,0.0037697554,0.023804888
0.021397546,0.086674675,0.07842276,0.14185923,0.0059316508,0.007098675,0.07838431,0.118829645,0.07245266,0.5107363
0.096904784,0.085728645,0.07842276,0.15584908,0.616312,0.6196865,0.5471468,0.15129465,-0.06916523,-0.4437962
0.10352695,0.087505616,0.07842276,0.1815986,1.0458438,1.0438404,1.056699,0.15660521,0.010855198,0.059775777
0.09738083,0.08557654,0.07842276,0.15667225,0.4570245,0.45836046,0.42746988,0.15151404,-0.029554635,-0.18863988
0.09739459,0.088704355,0.07842276,0.18940513,1.0998507,1.0992012,1.0794309,0.15331112,-0.020419717,-0.10780974
0.07787715,0.0851864,0.07842276,0.14533351,0.56677186,0.56497186,0.69245917,0.13954104,0.1256873,0.8648198
0.118921205,0.08818028,0.07842276,0.18639435,0.7713412,0.77096903,0.3982873,0.1675355,-0.3730539,-2.001423
0.07001839,0.08487078,0.07842276,0.13665654,0.9004071,0.89884204,0.8625011,0.13511385,-0.03790599,-0.27738148
0.11139923,0.086116664,0.07842276,0.17129807,0.07795396,0.07680559,0.013511334,0.1611707,-0.06444262,-0.37620166
0.105019614,0.08514649,0.07842276,0.15978073,0.83900976,0.8449478,0.86671257,0.15629835,0.027702808,0.17338017
0.09983318,0.08566749,0.07842276,0.1582021,0.99339557,0.9909223,0.9826692,0.15315259,-0.010726392,-0.06780183
0.102831684,0.08534948,0.07842276,0.16040315,0.89629984,0.89680576,0.7247918,0.15494844,-0.17150801,-1.069231
0.10294327,0.087880306,0.07842276,0.17951818,1.0524135,1.0536015,1.0597148,0.15643017,0.0073013306,0.040671818
0.009783575,0.08625914,0.07842276,0.13366054,0.14424996,0.144045,0.12772015,0.11698926,-0.016529813,-0.12367011
0.106307864,0.08673238,0.07842276,0.16884717,0.8578318,0.85816026,0.8067022,0.15803164,-0.05112958,-0.30281574
0.08768859,0.08594525,0.07842276,0.15543738,0.5255612,0.5304392,0.37034652,0.14569147,-0.1552147,-0.9985674
0.08829831,0.08576637,0.07842276,0.15498404,0.44415915,0.44466603,0.29094678,0.14595407,-0.15321237,-0.98856866
0.120139204,0.084698364,0.07842276,0.16963065,0.88520783,0.8874827,0.7398333,0.16660544,-0.14537454,-0.8570063
0.10053765,0.08486401,0.07842276,0.15713228,0.9152061,0.91349244,0.91763675,0.15316609,0.0024306774,0.015468989
0.06617443,0.085534535,0.07842276,0.14245182,0.47075248,0.47093982,0.2881374,0.13358645,-0.18261507,-1.2819427
0.10156273,0.08524689,0.07842276,0.15971987,0.88821423,0.89259624,0.8433013,0.15405242,-0.044912934,-0.28119817
0.0728874,0.0886311,0.07842276,0.18547514,-0.30728078,-0.30942836,-0.3245883,0.13898984,-0.01730752,-0.0933145
0.10253241,0.08753714,0.07842276,0.17508815,1.0554281,1.0545442,0.9825109,0.15596724,-0.07291722,-0.41646007
0.10406287,0.08753375,0.07842276,0.17754957,0.84621775,0.8447737,0.67823607,0.1569757,-0.16798168,-0.94611144
0.097235374,0.08549042,0.07842276,0.158399,0.54085445,0.54093957,0.4509262,0.15137193,-0.08992824,-0.5677324
0.1016403,0.08549017,0.07842276,0.16213752,0.49791887,0.49577963,0.5194736,0.1542383,0.021554738,0.13294108
0.10101019,0.084816374,0.07842276,0.15638605,0.6991222,0.70118606,0.54215294,0.15345034,-0.15696925,-1.0037292
0.06967501,0.08562843,0.07842276,0.14113326,0.864457,0.86176,0.92250746,0.13541405,0.058050454,0.4113166
0.095898956,0.08540601,0.07842276,0.15748085,0.33770323,0.34046245,0.39216915,0.15046902,0.05446592,0.3458574
0.10019613,0.08521659,0.07842276,0.15948509,0.9382189,0.93715054,0.9096095,0.15313804,-0.028609395,-0.17938602
0.10028647,0.08665525,0.07842276,0.16831413,1.0009687,1.0021889,1.0423865,0.15400207,0.041417837,0.24607463
0.12043681,0.08788984,0.07842276,0.19277443,0.9660115,0.96429396,1.2458457,0.16846299,0.27983415,1.4516145
0.08887936,0.08677539,0.07842276,0.16332364,0.44441003,0.4474931,0.46241298,0.1469001,0.018002957,0.110228725
0.014834132,0.08624052,0.07842276,0.13459276,0.083815984,0.08408496,0.20677193,0.11750578,0.12295594,0.91354054
0.11811406,0.085324466,0.07842276,0.1692496,0.9707847,0.9689269,1.0052449,0.16547304,0.034460127,0.20360538
0.107160345,0.08553935,0.07842276,0.16285719,0.6608311,0.6626097,0.68115073,0.15795712,0.02031964,0.12476969
0.101245366,0.08597646,0.07842276,0.16065176,1.042376,1.0421362,1.0764984,0.15424885,0.034122348,0.21239947
0.0933586,0.0859523,0.07842276,0.1607217,0.730937,0.7293863,0.622939,0.14917693,-0.10799801,-0.6719566
0.11397227,0.08576244,0.07842276,0.17088655,0.7317567,0.73091793,0.79372054,0.16277286,0.061963856,0.36260232
0.07706557,0.08522877,0.07842276,0.14720584,0.6540617,0.65278697,0.49832433,0.13911569,-0.15573734,-1.0579562
0.017613875,0.08704124,0.07842276,0.14154081,0.0933387,0.09454045,-0.20107326,0.118475966,-0.29441196,-2.08005
0.09655775,0.08575954,0.07842276,0.1613441,0.721787,0.7197839,0.82387185,0.15109013,0.102084875,0.6327153
0.10325666,0.08563257,0.07842276,0.16388917,0.571727,0.573502,0.59352976,0.15538663,0.021802783,0.13303371
0.10206253,0.084792815,0.07842276,0.15774111,0.7436284,0.74513644,0.7227408,0.15413213,-0.020887554,-0.13241668
0.08215935,0.08673802,0.07842276,0.1624786,-0.02339951,-0.024564832,-0.19811629,0.14291176,-0.17471677,-1.0753218
0.0069852746,0.08700697,0.07842276,0.13863404,0.13406965,0.13440436,-0.20280173,0.117341965,-0.3368714,-2.4299326
0.09841952,0.08523781,0.07842276,0.15699884,0.76311994,0.7630701,0.69356865,0.15199347,-0.06955129,-0.4430051
0.09681281,0.086424164,0.07842276,0.1648893,0.92114526,0.9242368,0.88040197,0.15163109,-0.04074329,-0.24709481
0.092858344,0.086194,0.07842276,0.16271935,0.3982453,0.39855325,0.45204723,0.14900406,0.053801924,0.33064243
0.09132634,0.086565435,0.07842276,0.1598093,0.44840476,0.4467289,0.40664235,0.14827071,-0.04176241,-0.26132652
0.09316945,0.08530171,0.07842276,0.15336433,0.37933695,0.37961698,0.33645973,0.14868443,-0.042877227,-0.27957758
0.0955015,0.08532831,0.07842276,0.15640818,0.5334153,0.53398013,0.5390133,0.15017186,0.0055980086,0.035791025
0.11485326,0.08478098,0.07842276,0.16872086,0.81145406,0.81467974,0.7643406,0.16287792,-0.04711348,-0.2792392
0.10005809,0.084799424,0.07842276,0.15604268,0.5754627,0.57565975,0.5234343,0.15281588,-0.052028418,-0.33342427
0.09680813,0.08591246,0.07842276,0.15798132,0.6901945,0.6865682,0.67867315,0.15133703,-0.011521339,-0.07292849
0.0686766,0.08582714,0.07842276,0.14261729,0.08970674,0.08981109,0.17070165,0.13502927,0.08099491,0.56791794
0.076228715,0.08496543,0.07842276,0.14126672,0.56709075,0.56583357,0.6216228,0.13849214,0.05453205,0.38602194
0.100050576,0.084935345,0.07842276,0.15574881,0.8384971,0.83757305,0.6919121,0.15288644,-0.14658499,-0.94116277
0.017530141,0.08592915,0.07842276,0.1307772,0.1133106,0.11341882,0.18783082,0.117648855,0.07452022,0.5698258
0.095136866,0.0859121,0.07842276,0.15894113,0.7178227,0.7117665,0.84108406,0.15027323,0.12326139,0.775516
0.06815756,0.08552087,0.07842276,0.14047661,0.9732405,0.9750165,1.0313317,0.13457118,0.058091164,0.41352907
0.09823798,0.08521699,0.07842276,0.15645283,0.48524016,0.48785326,0.5583605,0.1518643,0.073120356,0.46736357
0.11566727,0.08525795,0.07842276,0.17008656,0.82168734,0.81992024,0.8680446,0.16370083,0.046357274,0.27255106
0.09875292,0.08733395,0.07842276,0.17127003,0.99782896,0.99820995,0.99240327,0.15339325,-0.0054256916,-0.031679165
0.09908872,0.084954195,0.07842276,0.15787989,0.7902306,0.7911483,0.7996575,0.15226923,0.009426951,0.059709642
0.09889684,0.08586007,0.07842276,0.16302833,0.5513779,0.55458385,0.60924214,0.15265211,0.05786425,0.3549337
0.052571822,0.08652928,0.07842276,0.14780758,-0.039688244,-0.04172668,-0.14074159,0.12806733,-0.10105334,-0.6836817
0.10328051,0.08682166,0.07842276,0.16964707,0.9861307,0.9867668,1.0491599,0.15606087,0.06302917,0.37153116
0.09968449,0.08478985,0.07842276,0.15358813,0.84309906,0.84664893,0.70750207,0.15256621,-0.13559699,-0.88286114
0.03979619,0.08694122,0.07842276,0.14741838,-0.035695232,-0.03869614,-0.1145257,0.123663425,-0.078830466,-0.53473973
0.06809405,0.08549406,0.07842276,0.1458545,0.8572781,0.86048365,0.6014516,0.13452198,-0.25582653,-1.7539845
0.04723468,0.086654715,0.07842276,0.14660072,-0.0073355623,-0.010466874,-0.1414628,0.12605667,-0.13412724,-0.9149153
0.06956165,0.08550005,0.07842276,0.14206512,0.966776,0.9709017,1.0940306,0.13527457,0.1272546,0.8957484
0.100350276,0.084700644,0.07842276,0.15407133,0.83524466,0.84198546,0.8204905,0.15295263,-0.014754176,-0.095761985
0.11100063,0.084844306,0.07842276,0.16116944,0.70429575,0.6990507,0.68952197,0.16021806,-0.014773786,-0.09166618
0.09912651,0.08530471,0.07842276,0.15594724,0.76412714,0.7664106,0.9146023,0.15248963,0.15047514,0.9649106
0.09699344,0.085219584,0.07842276,0.15743235,0.67792857,0.6761723,0.6692332,0.15106368,-0.008695364,-0.055232383
0.048960254,0.086225756,0.07842276,0.14111553,-0.023792159,-0.021881491,-0.042680103,0.1264204,-0.018887945,-0.13384739
0.09433965,0.085313596,0.07842276,0.15622017,0.52712023,0.52504116,0.45103383,0.14942726,-0.0760864,-0.48704597
0.15458964,0.08636887,0.07842276,0.20435847,0.86098886,0.85846424,0.8836217,0.19366896,0.022632837,0.11075067
0.104328535,0.086048655,0.07842276,0.16623734,0.9904186,0.98409104,1.0218672,0.1563296,0.031448543,0.18917857
0.11234585,0.08647549,0.07842276,0.17800362,0.05518415,0.050522655,-0.0041455203,0.16201769,-0.05932967,-0.33330595
0.07428672,0.0855599,0.07842276,0.14615335,0.21922404,0.21976793,0.21682543,0.1378011,-0.00239861,-0.016411599
0.10261959,0.08508792,0.07842276,0.1576374,0.96736836,0.9680345,0.970119,0.15466371,0.0027506351,0.017449128
0.09922477,0.08475966,0.07842276,0.15406373,0.8813973,0.88071644,0.8548281,0.15224941,-0.026569188,-0.17245582
0.08030972,0.08524777,0.07842276,0.14552057,0.66856486,0.6730838,0.015233976,0.14095022,-0.65333086,-4.4896116
0.09813568,0.08506265,0.07842276,0.15471941,0.47626466,0.47746134,0.4172059,0.15171155,-0.059058756,-0.38171524
0.11033841,0.08617972,0.07842276,0.17084818,0.89157075,0.8947053,0.90975386,0.16047317,0.018183112,0.10642848
0.066825174,0.08532222,0.07842276,0.140032,0.9725678,0.97197974,1.0258178,0.13377449,0.053249955,0.3802699
0.09784387,0.085649595,0.07842276,0.15899359,0.8774163,0.8810164,0.8813561,0.15185325,0.0039398074,0.024779662
0.09758441,0.085077316,0.07842276,0.15205655,0.53365505,0.5307771,0.47568572,0.15136379,-0.05796933,-0.38123536
0.08047089,0.08533341,0.07842276,0.146384,0.9747118,0.9776155,1.0555389,0.14109388,0.08082712,0.5521581
0.106453754,0.084966436,0.07842276,0.16121203,0.7261056,0.72569156,0.85099524,0.15716815,0.12488967,0.774692
0.099694215,0.08502862,0.07842276,0.15742025,0.56305635,0.5655023,0.48671377,0.15270539,-0.07634258,-0.48496038
0.08930001,0.08579254,0.07842276,0.15339164,0.5180074,0.5208138,0.37451005,0.14657757,-0.14349735,-0.9354965
0.09936251,0.08481897,0.07842276,0.15398058,0.85353315,0.8532133,0.86824465,0.15237223,0.014711499,0.09554126
0.07707821,0.085252814,0.07842276,0.14525197,0.6075482,0.6091577,0.50255,0.13913742,-0.10499817,-0.72286916
0.07550932,0.087314844,0.07842276,0.16642562,-0.10611883,-0.104688585,-0.0038387065,0.13955526,0.102280125,0.6145696
0.05189988,0.0862986,0.07842276,0.14163724,0.0052566873,0.0023396015,-0.17600441,0.1276369,-0.18126109,-1.279756
0.09359075,0.085744135,0.07842276,0.16156179,0.8764419,0.8786317,0.91573745,0.1492026,0.039295554,0.24322307
0.098833725,0.08527561,0.07842276,0.15588112,0.5930952,0.5957259,0.6146125,0.15228318,0.021517336,0.13803683
0.19183993,0.08739909,0.07842276,0.24349426,0.7937698,0.79245806,1.300315,0.22492507,0.50654525,2.080317
0.13348734,0.08715763,0.07842276,0.20129709,0.7355039,0.73372227,0.5108532,0.17766668,-0.22465074,-1.1160158
0.062271215,0.08527151,0.07842276,0.13692743,0.65235394,0.65222496,0.622939,0.1315259,-0.029414952,-0.21482147
0.076226234,0.08470141,0.07842276,0.13939664,0.8370708,0.83840895,0.93195593,0.13832895,0.09488511,0.6806844
0.062084068,0.085485496,0.07842276,0.1385113,0.93914056,0.93870056,1.0750211,0.13157633,0.13588059,0.9810073
0.08989429,0.08621304,0.07842276,0.16073996,0.6653804,0.66618204,0.6610456,0.14718628,-0.0043348074,-0.026967827
0.0942262,0.08582383,0.07842276,0.15783636,0.83329856,0.8351649,0.85809785,0.1496477,0.024799287,0.15712024
0.057725225,0.08685649,0.07842276,0.15324059,-0.1500485,-0.15227228,-0.3362049,0.13048518,-0.18615639,-1.2147982
0.09704801,0.086573526,0.07842276,0.16811433,0.8784578,0.8751668,0.6979003,0.15186647,-0.18055749,-1.074016
0.049197327,0.087356016,0.07842276,0.15080135,0.17667511,0.1761305,0.14983469,0.12728542,-0.026840419,-0.17798527
0.100794226,0.08546409,0.07842276,0.15670365,0.8498067,0.85333884,0.77423954,0.15366755,-0.075567186,-0.4822299
